{
  "project_info": {
    "project_number": "629997160972",
    "firebase_url": "https://master-budget-ae5d2-default-rtdb.firebaseio.com",
    "project_id": "master-budget-ae5d2",
    "storage_bucket": "master-budget-ae5d2.firebasestorage.app"
  },
  "client": [
    {
      "client_info": {
        "mobilesdk_app_id": "1:629997160972:android:692a113908784c37b17c29",
        "android_client_info": {
          "package_name": "com.example.masterbudget"
        }
      },
      "oauth_client": [],
      "api_key": [
        {
          "current_key": "AIzaSyDM6USatAtWN-5BpyEWIshcyNsldRZlRM4"
        }
      ],
      "services": {
        "appinvite_service": {
          "other_platform_oauth_client": []
        }
      }
    }
  ],
  "configuration_version": "1"
}